{"cameraMode":{"drawMode":0,"name":"Shaded","section":"Shading Mode"},"sceneLighting":true,"audioPlay":false,"sceneViewState":{"showFog":true,"showMaterialUpdate":false,"showSkybox":true,"showFlares":true,"showImageEffects":true,"showParticleSystems":true},"in2DMode":false,"pivot":{"x":26.689926147460939,"y":0.908642053604126,"z":0.0},"rotation":{"x":0.06524083018302918,"y":0.14615286886692048,"z":-0.009660284966230393,"w":0.987062394618988},"size":18.253015518188478,"orthographic":true}
